sample number,z_score,p_value
0,2.0894567459244566,0.03666662768158102
1,1.9754544573241335,0.048216598052114756
2,2.20345903452478,0.027562411258065023
3,1.0634361485215398,0.2875842069659358
4,2.3174613231251073,0.020478615180578696
5,1.2344395814220266,0.21703914744863972
6,2.48846475602559,0.012829595259994608
7,1.29144072572219,0.19655089638352896
8,1.9754544573241335,0.048216598052114756
9,-0.01958559318153711,1.01562604339411
